Date,Edits
2025-01-01,108
2025-01-02,90
2025-01-03,89
2025-01-04,88
2025-01-05,78
2025-01-06,275
2025-01-07,180
2025-01-08,181
2025-01-09,166
2025-01-10,94
2025-01-11,152
2025-01-12,84
2025-01-13,92
2025-01-14,101
2025-01-15,115
2025-01-16,64
2025-01-17,41
2025-01-18,56
2025-01-19,56
2025-01-20,58
2025-01-21,66
2025-01-22,51
2025-01-23,108
2025-01-24,108
2025-01-25,54
2025-01-26,90
2025-01-27,121
2025-01-28,61
2025-01-29,57
2025-01-30,43
2025-01-31,2439
2025-02-01,491
2025-02-02,417
2025-02-03,231
2025-02-04,263
2025-02-05,247
2025-02-06,366
2025-02-07,224
2025-02-08,413
2025-02-09,168
2025-02-10,89
2025-02-11,125
2025-02-12,291
2025-02-13,280
2025-02-14,94
2025-02-15,265
2025-02-16,349
2025-02-17,212
2025-02-18,230
2025-02-19,143
2025-02-20,440
2025-02-21,366
2025-02-22,615
2025-02-23,76
2025-02-24,74
2025-02-25,110
2025-02-26,38
2025-02-27,163
2025-02-28,144
2025-03-01,143
2025-03-02,42
2025-03-03,34
2025-03-04,41
2025-03-05,207
2025-03-06,156
2025-03-07,423
2025-03-08,629
2025-03-09,428
2025-03-10,267
2025-03-11,177
2025-03-12,113
2025-03-13,95
2025-03-14,113
2025-03-15,59
2025-03-16,196
2025-03-17,55
2025-03-18,246
2025-03-19,579
2025-03-20,571
2025-03-21,377
2025-03-22,802
2025-03-23,425
2025-03-24,244
2025-03-25,237
2025-03-26,253
2025-03-27,479
2025-03-28,307
2025-03-29,388
2025-03-30,295
2025-03-31,126
2025-04-01,48
2025-04-02,230
2025-04-03,124
2025-04-04,69
2025-04-05,245
2025-04-06,142
2025-04-07,113
2025-04-08,53
2025-04-09,59
2025-04-10,60
2025-04-11,68
2025-04-12,274
2025-04-13,508
2025-04-14,174
2025-04-15,175
2025-04-16,108
2025-04-17,161
2025-04-18,82
2025-04-19,98
2025-04-20,197
2025-04-21,196
2025-04-22,121
2025-04-23,45
2025-04-24,52
2025-04-25,47
2025-04-26,186
2025-04-27,172
2025-04-28,45
2025-04-29,94
2025-04-30,68
2025-05-01,101
2025-05-02,66
2025-05-03,91
2025-05-04,114
2025-05-05,151
2025-05-06,58
2025-05-07,61
2025-05-08,53
2025-05-09,86
2025-05-10,95
2025-05-11,201
2025-05-12,137
2025-05-13,57
2025-05-14,92
2025-05-15,59
2025-05-16,44
2025-05-17,53
2025-05-18,71
2025-05-19,26
2025-05-20,47
2025-05-21,234
2025-05-22,181
2025-05-23,80
2025-05-24,153
2025-05-25,107
2025-05-26,126
2025-05-27,208
2025-05-28,148
2025-05-29,52
2025-05-30,864
2025-05-31,53
2025-06-01,64
2025-06-02,96
2025-06-03,117
2025-06-04,106
2025-06-05,201
2025-06-06,40
2025-06-07,48
2025-06-08,133
2025-06-09,103
2025-06-10,106
2025-06-11,128
2025-06-12,36
2025-06-13,107
2025-06-14,40
2025-06-15,47
2025-06-16,56
2025-06-17,74
2025-06-18,101
2025-06-19,152
2025-06-20,83
2025-06-21,117
2025-06-22,138
2025-06-23,49
2025-06-24,91
2025-06-25,364
2025-06-26,368
2025-06-27,368
2025-06-28,262
2025-06-29,200
2025-06-30,65
2025-07-01,131
2025-07-02,114
2025-07-03,107
2025-07-04,277
2025-07-05,49
2025-07-06,88
2025-07-07,63
2025-07-08,45
2025-07-09,45
2025-07-10,64
2025-07-11,178
2025-07-12,27
2025-07-13,80
2025-07-14,45
2025-07-15,78
2025-07-16,34
2025-07-17,200
2025-07-18,25
2025-07-19,70
2025-07-20,307
2025-07-21,115
2025-07-22,55
2025-07-23,219
2025-07-24,166
2025-07-25,199
2025-07-26,69
2025-07-27,328
2025-07-28,51
2025-07-29,389
2025-07-30,464
2025-07-31,381
2025-08-01,40
2025-08-02,55
2025-08-03,47
2025-08-04,58
2025-08-05,545
2025-08-06,162
2025-08-07,125
2025-08-08,25
2025-08-09,32
2025-08-10,44
2025-08-11,48
2025-08-12,42
2025-08-13,45
2025-08-14,211
2025-08-15,30
2025-08-16,36
2025-08-17,93
2025-08-18,309
2025-08-19,43
2025-08-20,103
2025-08-21,73
2025-08-22,56
2025-08-23,79
2025-08-24,287
2025-08-25,114
2025-08-26,232
2025-08-27,152
2025-08-28,173
2025-08-29,136
2025-08-30,49
2025-08-31,131
2025-09-01,311
2025-09-02,91
2025-09-03,37
2025-09-04,167
2025-09-05,214
2025-09-06,221
2025-09-07,45
2025-09-08,45
2025-09-09,35
2025-09-10,32
2025-09-11,39
2025-09-12,26
2025-09-13,23
2025-09-14,46
2025-09-15,80
2025-09-16,37
2025-09-17,57
2025-09-18,34
2025-09-19,58
2025-09-20,35
2025-09-21,142
2025-09-22,29
2025-09-23,57
2025-09-24,149
2025-09-25,56
2025-09-26,87
2025-09-27,35
2025-09-28,45
2025-09-29,61
2025-09-30,27
2025-10-01,313
2025-10-02,107
2025-10-03,71
2025-10-04,27
2025-10-05,47
2025-10-06,56
2025-10-07,26
2025-10-08,28
2025-10-09,27
2025-10-10,32
2025-10-11,31
2025-10-12,39
2025-10-13,42
2025-10-14,35
2025-10-15,187
2025-10-16,284
2025-10-17,626
2025-10-18,186
2025-10-19,159
2025-10-20,310
2025-10-21,258
2025-10-22,109
2025-10-23,234
2025-10-24,278
2025-10-25,154
2025-10-26,164
2025-10-27,103
2025-10-28,428
2025-10-29,83
2025-10-30,208
2025-10-31,555
2025-11-01,186
2025-11-02,154
2025-11-03,214
2025-11-04,241
2025-11-05,57
2025-11-06,97
2025-11-07,946
2025-11-08,182
2025-11-09,306
2025-11-10,148
2025-11-11,345
2025-11-12,143
2025-11-13,171
2025-11-14,87
2025-11-15,101
2025-11-16,120
2025-11-17,190
2025-11-18,243
2025-11-19,80
2025-11-20,81
2025-11-21,33
2025-11-22,44
2025-11-23,401
2025-11-24,315
2025-11-25,188
2025-11-26,53
2025-11-27,101
2025-11-28,374
2025-11-29,208
2025-11-30,88
2025-12-01,82
2025-12-02,78
2025-12-03,48
2025-12-04,238
2025-12-05,68
2025-12-06,398
2025-12-07,309
2025-12-08,215
2025-12-09,162
2025-12-10,240
2025-12-11,963
2025-12-12,840
2025-12-13,331
2025-12-14,1260
2025-12-15,495
2025-12-16,288
2025-12-17,575
2025-12-18,165
2025-12-19,330
2025-12-20,129
2025-12-21,462
2025-12-22,216
2025-12-23,462
2025-12-24,182
2025-12-25,161
2025-12-26,196
2025-12-27,163
2025-12-28,254
2025-12-29,301
2025-12-30,133
2025-12-31,147